{"3c8f3a7e-0bad-4d6d-abf5-6f9982df2386":{"Description":"A player joins the server for the first time","Name":"Event.MinecraftModule.UserFirstJoins","Id":"3c8f3a7e-0bad-4d6d-abf5-6f9982df2386","Order":0,"Tasks":{"7ead77ff-79ed-491a-8b9c-1ce3bf398e9f":{"Id":"7ead77ff-79ed-491a-8b9c-1ce3bf398e9f","TaskMethodName":"Event.MinecraftModule.SendUserMessage","ParameterMapping":{"Player":"","Message":"Welcome to the Server! Have fun!"},"IsOneshot":false,"Enabled":true,"Locked":false,"CreatedBy":"607c0221-e9be-40f9-a927-f4ec1b62b7be","Order":1},"ed3ba7ef-8fad-4e13-b916-1b3570a8c33d":{"Id":"ed3ba7ef-8fad-4e13-b916-1b3570a8c33d","TaskMethodName":"Event.MinecraftModule.SendServerMessage","ParameterMapping":{"Message":"Welcome {@User} to the Server! Say Hello."},"IsOneshot":false,"Enabled":true,"Locked":false,"CreatedBy":"607c0221-e9be-40f9-a927-f4ec1b62b7be","Order":2}}},"f126c355-ef60-4296-a3f0-6b88048eab98":{"Description":"The Minecraft Server stops unexpectedly","Name":"Event.MinecraftModule.UnexpectedStop","Id":"f126c355-ef60-4296-a3f0-6b88048eab98","Order":0,"Tasks":{"a830e2de-47ed-4d61-a92a-567bcdac7e9c":{"Id":"a830e2de-47ed-4d61-a92a-567bcdac7e9c","TaskMethodName":"Event.EmailSenderPlugin.SendMail","ParameterMapping":{"To":"monitoring@lklaus.ch","Subject":"A Minecraft Server Stopped Unexpectedly | ","Message":"Time: {@Time}","Priority":"0"},"IsOneshot":false,"Enabled":true,"Locked":false,"CreatedBy":"607c0221-e9be-40f9-a927-f4ec1b62b7be","Order":1},"76111b12-d153-4f03-bfa2-b29eaf4eed7f":{"Id":"76111b12-d153-4f03-bfa2-b29eaf4eed7f","TaskMethodName":"Event.MinecraftModule.Start","ParameterMapping":{},"IsOneshot":false,"Enabled":true,"Locked":false,"CreatedBy":"607c0221-e9be-40f9-a927-f4ec1b62b7be","Order":2}}},"696ae0f7-4831-4eda-bf2f-7c98d591c4c6":{"Description":"A backup has failed.","Name":"Event.LocalFileBackupPlugin.BackupFailed","Id":"696ae0f7-4831-4eda-bf2f-7c98d591c4c6","Order":0,"Tasks":{"adb62345-a8e6-46b5-ba17-fedc714d0754":{"Id":"adb62345-a8e6-46b5-ba17-fedc714d0754","TaskMethodName":"Event.EmailSenderPlugin.SendMail","ParameterMapping":{"To":"monitoring@lklaus.ch","Subject":"A Minecraft Backup has failed | ","Message":"Problems: ","Priority":"0"},"IsOneshot":false,"Enabled":true,"Locked":false,"CreatedBy":"607c0221-e9be-40f9-a927-f4ec1b62b7be","Order":1}}}}