{"b6a6850b-d45f-4213-8683-b9d9f21fa0af":{"MatchMonths":[0,1,2,3,4,5,6,7,8,9,10,11],"MatchDays":[0,1,2,3,4,5,6],"MatchHours":[0],"MatchMinutes":[0],"Description":"Every Day at 00:00","Name":"Interval Trigger","Id":"b6a6850b-d45f-4213-8683-b9d9f21fa0af","Order":0,"Tasks":{"e3e1bd10-a27e-4381-99c1-7b382f1fb7c1":{"Id":"e3e1bd10-a27e-4381-99c1-7b382f1fb7c1","TaskMethodName":"Event.LocalFileBackupPlugin.TakeBackup","ParameterMapping":{},"IsOneshot":false,"Enabled":true,"Locked":false,"CreatedBy":"ffe85961-c056-4592-ba10-7ba7f4ed08e7","Order":1}}},"1316ba33-49f2-4302-a761-3c9b6b76eed2":{"MatchMonths":[0,1,2,3,4,5,6,7,8,9,10,11],"MatchDays":[0,1,2,3,4,5,6],"MatchHours":[0,1,2,3,4,5,6,7,8,9,10,11,12,13,14,15,16,17,18,19,20,21,22,23],"MatchMinutes":[0,15,30,45],"Description":"Every 15 minutes","Name":"Interval Trigger","Id":"1316ba33-49f2-4302-a761-3c9b6b76eed2","Order":0,"Tasks":{"b1f50681-cd78-4345-be4f-02401507a5b4":{"Id":"b1f50681-cd78-4345-be4f-02401507a5b4","TaskMethodName":"Event.MinecraftModule.SaveChanges","ParameterMapping":{},"IsOneshot":false,"Enabled":true,"Locked":false,"CreatedBy":"6d17600a-430c-48e9-8bf1-8d337d4ccf3c","Order":2},"665ac87c-1582-4187-9f3e-34a04deb28df":{"Id":"665ac87c-1582-4187-9f3e-34a04deb28df","TaskMethodName":"Event.MinecraftModule.SendServerMessage","ParameterMapping":{"Message":"World Saved!"},"IsOneshot":false,"Enabled":true,"Locked":false,"CreatedBy":"6d17600a-430c-48e9-8bf1-8d337d4ccf3c","Order":3},"693cb712-78a9-46c8-8b56-852fa65b22a9":{"Id":"693cb712-78a9-46c8-8b56-852fa65b22a9","TaskMethodName":"Event.MinecraftModule.SendServerMessage","ParameterMapping":{"Message":"Saving World... Expect Lag!"},"IsOneshot":false,"Enabled":true,"Locked":false,"CreatedBy":"6d17600a-430c-48e9-8bf1-8d337d4ccf3c","Order":1}}}}