{"0d10e1b6-e96d-4da4-a99d-4a12cddda374":{"MatchMonths":[0,1,2,3,4,5,6,7,8,9,10,11],"MatchDays":[0,1,2,3,4,5,6],"MatchHours":[0],"MatchMinutes":[0],"Description":"Every day at 00:00","Name":"Interval Trigger","Id":"0d10e1b6-e96d-4da4-a99d-4a12cddda374","Order":0,"Tasks":{"fb74c711-0769-4630-adc7-02a778da526c":{"Id":"fb74c711-0769-4630-adc7-02a778da526c","TaskMethodName":"Event.LocalFileBackupPlugin.TakeBackup","ParameterMapping":{},"IsOneshot":false,"Enabled":true,"Locked":false,"CreatedBy":"6df0c324-19a9-480e-a505-b953fbcc6bba","Order":1}}}}