{"918239a0-edd8-4e54-bd92-8a49faccd4ee":{"Description":"A backup has failed.","Name":"Event.LocalFileBackupPlugin.BackupFailed","Id":"918239a0-edd8-4e54-bd92-8a49faccd4ee","Order":0,"Tasks":{"5b3c179b-800e-423d-9b37-db2791863d96":{"Id":"5b3c179b-800e-423d-9b37-db2791863d96","TaskMethodName":"Event.EmailSenderPlugin.SendMail","ParameterMapping":{"To":"Monitoring@lklaus.ch","Subject":"A Generic Backup has failed!","Message":"Problem: {@Id}  //  {@Filename}","Priority":"0"},"IsOneshot":false,"Enabled":true,"Locked":false,"CreatedBy":"0622111c-5924-4268-ba99-9678e20ece23","Order":1}}}}